variables,energy,power,efficiency,cycle_time
Qf_powder,7729.950643452135 kJ,330.33977108769807 W,0.5,6.5 hr
Qf_glass,660122.369997134 kJ,28210.35769218521 W,0.5,6.5 hr
Qcondense,-37.02938324177957 kJ,-1.5824522752897252 W,1.0,6.5 hr
Qchiller,-74.05876648355914 kJ,-3.1649045505794504 W,0.5,6.5 hr
