variable,values
Mass Hg,0.097859092356 kg
Mass glass,799.2162 kg
Mass powder,12.753449999999999 kg
Mass Al,38.26035 kg
Mass N₂,0.030100301691506497 kg
